video_path,label,label_name,manipulation,source_group,video_name,split
C:\Users\Kaustabh\Downloads\FaceForensics++_test\original_sequences\youtube\c23\videos\033.mp4,0,real,original,033_097,033.mp4,train
C:\Users\Kaustabh\Downloads\FaceForensics++_test\original_sequences\youtube\c23\videos\097.mp4,0,real,original,033_097,097.mp4,train
C:\Users\Kaustabh\Downloads\FaceForensics++_test\manipulated_sequences\Deepfakes\c23\videos\033_097.mp4,1,fake,Deepfakes,033_097,033_097.mp4,train
C:\Users\Kaustabh\Downloads\FaceForensics++_test\manipulated_sequences\Deepfakes\c23\videos\097_033.mp4,1,fake,Deepfakes,033_097,097_033.mp4,train
C:\Users\Kaustabh\Downloads\FaceForensics++_test\manipulated_sequences\Face2Face\c23\videos\033_097.mp4,1,fake,Face2Face,033_097,033_097.mp4,train
C:\Users\Kaustabh\Downloads\FaceForensics++_test\manipulated_sequences\Face2Face\c23\videos\097_033.mp4,1,fake,Face2Face,033_097,097_033.mp4,train
C:\Users\Kaustabh\Downloads\FaceForensics++_test\manipulated_sequences\FaceShifter\c23\videos\033_097.mp4,1,fake,FaceShifter,033_097,033_097.mp4,train
C:\Users\Kaustabh\Downloads\FaceForensics++_test\manipulated_sequences\FaceShifter\c23\videos\097_033.mp4,1,fake,FaceShifter,033_097,097_033.mp4,train
C:\Users\Kaustabh\Downloads\FaceForensics++_test\manipulated_sequences\FaceSwap\c23\videos\033_097.mp4,1,fake,FaceSwap,033_097,033_097.mp4,train
C:\Users\Kaustabh\Downloads\FaceForensics++_test\manipulated_sequences\FaceSwap\c23\videos\097_033.mp4,1,fake,FaceSwap,033_097,097_033.mp4,train
C:\Users\Kaustabh\Downloads\FaceForensics++_test\manipulated_sequences\NeuralTextures\c23\videos\033_097.mp4,1,fake,NeuralTextures,033_097,033_097.mp4,train
C:\Users\Kaustabh\Downloads\FaceForensics++_test\manipulated_sequences\NeuralTextures\c23\videos\097_033.mp4,1,fake,NeuralTextures,033_097,097_033.mp4,train
C:\Users\Kaustabh\Downloads\FaceForensics++_test\original_sequences\youtube\c23\videos\035.mp4,0,real,original,035_036,035.mp4,train
C:\Users\Kaustabh\Downloads\FaceForensics++_test\original_sequences\youtube\c23\videos\036.mp4,0,real,original,035_036,036.mp4,train
C:\Users\Kaustabh\Downloads\FaceForensics++_test\manipulated_sequences\Deepfakes\c23\videos\035_036.mp4,1,fake,Deepfakes,035_036,035_036.mp4,train
C:\Users\Kaustabh\Downloads\FaceForensics++_test\manipulated_sequences\Deepfakes\c23\videos\036_035.mp4,1,fake,Deepfakes,035_036,036_035.mp4,train
C:\Users\Kaustabh\Downloads\FaceForensics++_test\manipulated_sequences\Face2Face\c23\videos\035_036.mp4,1,fake,Face2Face,035_036,035_036.mp4,train
C:\Users\Kaustabh\Downloads\FaceForensics++_test\manipulated_sequences\Face2Face\c23\videos\036_035.mp4,1,fake,Face2Face,035_036,036_035.mp4,train
C:\Users\Kaustabh\Downloads\FaceForensics++_test\manipulated_sequences\FaceShifter\c23\videos\035_036.mp4,1,fake,FaceShifter,035_036,035_036.mp4,train
C:\Users\Kaustabh\Downloads\FaceForensics++_test\manipulated_sequences\FaceShifter\c23\videos\036_035.mp4,1,fake,FaceShifter,035_036,036_035.mp4,train
C:\Users\Kaustabh\Downloads\FaceForensics++_test\manipulated_sequences\FaceSwap\c23\videos\035_036.mp4,1,fake,FaceSwap,035_036,035_036.mp4,train
C:\Users\Kaustabh\Downloads\FaceForensics++_test\manipulated_sequences\FaceSwap\c23\videos\036_035.mp4,1,fake,FaceSwap,035_036,036_035.mp4,train
C:\Users\Kaustabh\Downloads\FaceForensics++_test\manipulated_sequences\NeuralTextures\c23\videos\035_036.mp4,1,fake,NeuralTextures,035_036,035_036.mp4,train
C:\Users\Kaustabh\Downloads\FaceForensics++_test\manipulated_sequences\NeuralTextures\c23\videos\036_035.mp4,1,fake,NeuralTextures,035_036,036_035.mp4,train
C:\Users\Kaustabh\Downloads\FaceForensics++_test\original_sequences\youtube\c23\videos\044.mp4,0,real,original,044_945,044.mp4,train
C:\Users\Kaustabh\Downloads\FaceForensics++_test\original_sequences\youtube\c23\videos\945.mp4,0,real,original,044_945,945.mp4,train
C:\Users\Kaustabh\Downloads\FaceForensics++_test\manipulated_sequences\Deepfakes\c23\videos\044_945.mp4,1,fake,Deepfakes,044_945,044_945.mp4,train
C:\Users\Kaustabh\Downloads\FaceForensics++_test\manipulated_sequences\Deepfakes\c23\videos\945_044.mp4,1,fake,Deepfakes,044_945,945_044.mp4,train
C:\Users\Kaustabh\Downloads\FaceForensics++_test\manipulated_sequences\Face2Face\c23\videos\044_945.mp4,1,fake,Face2Face,044_945,044_945.mp4,train
C:\Users\Kaustabh\Downloads\FaceForensics++_test\manipulated_sequences\Face2Face\c23\videos\945_044.mp4,1,fake,Face2Face,044_945,945_044.mp4,train
C:\Users\Kaustabh\Downloads\FaceForensics++_test\manipulated_sequences\FaceShifter\c23\videos\044_945.mp4,1,fake,FaceShifter,044_945,044_945.mp4,train
C:\Users\Kaustabh\Downloads\FaceForensics++_test\manipulated_sequences\FaceShifter\c23\videos\945_044.mp4,1,fake,FaceShifter,044_945,945_044.mp4,train
C:\Users\Kaustabh\Downloads\FaceForensics++_test\manipulated_sequences\FaceSwap\c23\videos\044_945.mp4,1,fake,FaceSwap,044_945,044_945.mp4,train
C:\Users\Kaustabh\Downloads\FaceForensics++_test\manipulated_sequences\FaceSwap\c23\videos\945_044.mp4,1,fake,FaceSwap,044_945,945_044.mp4,train
C:\Users\Kaustabh\Downloads\FaceForensics++_test\manipulated_sequences\NeuralTextures\c23\videos\044_945.mp4,1,fake,NeuralTextures,044_945,044_945.mp4,train
C:\Users\Kaustabh\Downloads\FaceForensics++_test\manipulated_sequences\NeuralTextures\c23\videos\945_044.mp4,1,fake,NeuralTextures,044_945,945_044.mp4,train
C:\Users\Kaustabh\Downloads\FaceForensics++_test\original_sequences\youtube\c23\videos\134.mp4,0,real,original,134_192,134.mp4,train
C:\Users\Kaustabh\Downloads\FaceForensics++_test\original_sequences\youtube\c23\videos\192.mp4,0,real,original,134_192,192.mp4,train
C:\Users\Kaustabh\Downloads\FaceForensics++_test\manipulated_sequences\Deepfakes\c23\videos\134_192.mp4,1,fake,Deepfakes,134_192,134_192.mp4,train
C:\Users\Kaustabh\Downloads\FaceForensics++_test\manipulated_sequences\Deepfakes\c23\videos\192_134.mp4,1,fake,Deepfakes,134_192,192_134.mp4,train
C:\Users\Kaustabh\Downloads\FaceForensics++_test\manipulated_sequences\Face2Face\c23\videos\134_192.mp4,1,fake,Face2Face,134_192,134_192.mp4,train
C:\Users\Kaustabh\Downloads\FaceForensics++_test\manipulated_sequences\Face2Face\c23\videos\192_134.mp4,1,fake,Face2Face,134_192,192_134.mp4,train
C:\Users\Kaustabh\Downloads\FaceForensics++_test\manipulated_sequences\FaceShifter\c23\videos\134_192.mp4,1,fake,FaceShifter,134_192,134_192.mp4,train
C:\Users\Kaustabh\Downloads\FaceForensics++_test\manipulated_sequences\FaceShifter\c23\videos\192_134.mp4,1,fake,FaceShifter,134_192,192_134.mp4,train
C:\Users\Kaustabh\Downloads\FaceForensics++_test\manipulated_sequences\FaceSwap\c23\videos\134_192.mp4,1,fake,FaceSwap,134_192,134_192.mp4,train
C:\Users\Kaustabh\Downloads\FaceForensics++_test\manipulated_sequences\FaceSwap\c23\videos\192_134.mp4,1,fake,FaceSwap,134_192,192_134.mp4,train
C:\Users\Kaustabh\Downloads\FaceForensics++_test\manipulated_sequences\NeuralTextures\c23\videos\134_192.mp4,1,fake,NeuralTextures,134_192,134_192.mp4,train
C:\Users\Kaustabh\Downloads\FaceForensics++_test\manipulated_sequences\NeuralTextures\c23\videos\192_134.mp4,1,fake,NeuralTextures,134_192,192_134.mp4,train
C:\Users\Kaustabh\Downloads\FaceForensics++_test\original_sequences\youtube\c23\videos\183.mp4,0,real,original,183_253,183.mp4,train
C:\Users\Kaustabh\Downloads\FaceForensics++_test\original_sequences\youtube\c23\videos\253.mp4,0,real,original,183_253,253.mp4,train
C:\Users\Kaustabh\Downloads\FaceForensics++_test\manipulated_sequences\Deepfakes\c23\videos\183_253.mp4,1,fake,Deepfakes,183_253,183_253.mp4,train
C:\Users\Kaustabh\Downloads\FaceForensics++_test\manipulated_sequences\Deepfakes\c23\videos\253_183.mp4,1,fake,Deepfakes,183_253,253_183.mp4,train
C:\Users\Kaustabh\Downloads\FaceForensics++_test\manipulated_sequences\Face2Face\c23\videos\183_253.mp4,1,fake,Face2Face,183_253,183_253.mp4,train
C:\Users\Kaustabh\Downloads\FaceForensics++_test\manipulated_sequences\Face2Face\c23\videos\253_183.mp4,1,fake,Face2Face,183_253,253_183.mp4,train
C:\Users\Kaustabh\Downloads\FaceForensics++_test\manipulated_sequences\FaceShifter\c23\videos\183_253.mp4,1,fake,FaceShifter,183_253,183_253.mp4,train
C:\Users\Kaustabh\Downloads\FaceForensics++_test\manipulated_sequences\FaceShifter\c23\videos\253_183.mp4,1,fake,FaceShifter,183_253,253_183.mp4,train
C:\Users\Kaustabh\Downloads\FaceForensics++_test\manipulated_sequences\FaceSwap\c23\videos\183_253.mp4,1,fake,FaceSwap,183_253,183_253.mp4,train
C:\Users\Kaustabh\Downloads\FaceForensics++_test\manipulated_sequences\FaceSwap\c23\videos\253_183.mp4,1,fake,FaceSwap,183_253,253_183.mp4,train
C:\Users\Kaustabh\Downloads\FaceForensics++_test\manipulated_sequences\NeuralTextures\c23\videos\183_253.mp4,1,fake,NeuralTextures,183_253,183_253.mp4,train
C:\Users\Kaustabh\Downloads\FaceForensics++_test\manipulated_sequences\NeuralTextures\c23\videos\253_183.mp4,1,fake,NeuralTextures,183_253,253_183.mp4,train
C:\Users\Kaustabh\Downloads\FaceForensics++_test\original_sequences\youtube\c23\videos\210.mp4,0,real,original,210_241,210.mp4,train
C:\Users\Kaustabh\Downloads\FaceForensics++_test\original_sequences\youtube\c23\videos\241.mp4,0,real,original,210_241,241.mp4,train
C:\Users\Kaustabh\Downloads\FaceForensics++_test\manipulated_sequences\Deepfakes\c23\videos\210_241.mp4,1,fake,Deepfakes,210_241,210_241.mp4,train
C:\Users\Kaustabh\Downloads\FaceForensics++_test\manipulated_sequences\Deepfakes\c23\videos\241_210.mp4,1,fake,Deepfakes,210_241,241_210.mp4,train
C:\Users\Kaustabh\Downloads\FaceForensics++_test\manipulated_sequences\Face2Face\c23\videos\210_241.mp4,1,fake,Face2Face,210_241,210_241.mp4,train
C:\Users\Kaustabh\Downloads\FaceForensics++_test\manipulated_sequences\Face2Face\c23\videos\241_210.mp4,1,fake,Face2Face,210_241,241_210.mp4,train
C:\Users\Kaustabh\Downloads\FaceForensics++_test\manipulated_sequences\FaceShifter\c23\videos\210_241.mp4,1,fake,FaceShifter,210_241,210_241.mp4,train
C:\Users\Kaustabh\Downloads\FaceForensics++_test\manipulated_sequences\FaceShifter\c23\videos\241_210.mp4,1,fake,FaceShifter,210_241,241_210.mp4,train
C:\Users\Kaustabh\Downloads\FaceForensics++_test\manipulated_sequences\FaceSwap\c23\videos\210_241.mp4,1,fake,FaceSwap,210_241,210_241.mp4,train
C:\Users\Kaustabh\Downloads\FaceForensics++_test\manipulated_sequences\FaceSwap\c23\videos\241_210.mp4,1,fake,FaceSwap,210_241,241_210.mp4,train
C:\Users\Kaustabh\Downloads\FaceForensics++_test\manipulated_sequences\NeuralTextures\c23\videos\210_241.mp4,1,fake,NeuralTextures,210_241,210_241.mp4,train
C:\Users\Kaustabh\Downloads\FaceForensics++_test\manipulated_sequences\NeuralTextures\c23\videos\241_210.mp4,1,fake,NeuralTextures,210_241,241_210.mp4,train
C:\Users\Kaustabh\Downloads\FaceForensics++_test\original_sequences\youtube\c23\videos\252.mp4,0,real,original,252_266,252.mp4,train
C:\Users\Kaustabh\Downloads\FaceForensics++_test\original_sequences\youtube\c23\videos\266.mp4,0,real,original,252_266,266.mp4,train
C:\Users\Kaustabh\Downloads\FaceForensics++_test\manipulated_sequences\Deepfakes\c23\videos\252_266.mp4,1,fake,Deepfakes,252_266,252_266.mp4,train
C:\Users\Kaustabh\Downloads\FaceForensics++_test\manipulated_sequences\Deepfakes\c23\videos\266_252.mp4,1,fake,Deepfakes,252_266,266_252.mp4,train
C:\Users\Kaustabh\Downloads\FaceForensics++_test\manipulated_sequences\Face2Face\c23\videos\252_266.mp4,1,fake,Face2Face,252_266,252_266.mp4,train
C:\Users\Kaustabh\Downloads\FaceForensics++_test\manipulated_sequences\Face2Face\c23\videos\266_252.mp4,1,fake,Face2Face,252_266,266_252.mp4,train
C:\Users\Kaustabh\Downloads\FaceForensics++_test\manipulated_sequences\FaceShifter\c23\videos\252_266.mp4,1,fake,FaceShifter,252_266,252_266.mp4,train
C:\Users\Kaustabh\Downloads\FaceForensics++_test\manipulated_sequences\FaceShifter\c23\videos\266_252.mp4,1,fake,FaceShifter,252_266,266_252.mp4,train
C:\Users\Kaustabh\Downloads\FaceForensics++_test\manipulated_sequences\FaceSwap\c23\videos\252_266.mp4,1,fake,FaceSwap,252_266,252_266.mp4,train
C:\Users\Kaustabh\Downloads\FaceForensics++_test\manipulated_sequences\FaceSwap\c23\videos\266_252.mp4,1,fake,FaceSwap,252_266,266_252.mp4,train
C:\Users\Kaustabh\Downloads\FaceForensics++_test\manipulated_sequences\NeuralTextures\c23\videos\252_266.mp4,1,fake,NeuralTextures,252_266,252_266.mp4,train
C:\Users\Kaustabh\Downloads\FaceForensics++_test\manipulated_sequences\NeuralTextures\c23\videos\266_252.mp4,1,fake,NeuralTextures,252_266,266_252.mp4,train
C:\Users\Kaustabh\Downloads\FaceForensics++_test\original_sequences\youtube\c23\videos\339.mp4,0,real,original,339_392,339.mp4,train
C:\Users\Kaustabh\Downloads\FaceForensics++_test\original_sequences\youtube\c23\videos\392.mp4,0,real,original,339_392,392.mp4,train
C:\Users\Kaustabh\Downloads\FaceForensics++_test\manipulated_sequences\Deepfakes\c23\videos\339_392.mp4,1,fake,Deepfakes,339_392,339_392.mp4,train
C:\Users\Kaustabh\Downloads\FaceForensics++_test\manipulated_sequences\Deepfakes\c23\videos\392_339.mp4,1,fake,Deepfakes,339_392,392_339.mp4,train
C:\Users\Kaustabh\Downloads\FaceForensics++_test\manipulated_sequences\Face2Face\c23\videos\339_392.mp4,1,fake,Face2Face,339_392,339_392.mp4,train
C:\Users\Kaustabh\Downloads\FaceForensics++_test\manipulated_sequences\Face2Face\c23\videos\392_339.mp4,1,fake,Face2Face,339_392,392_339.mp4,train
C:\Users\Kaustabh\Downloads\FaceForensics++_test\manipulated_sequences\FaceShifter\c23\videos\339_392.mp4,1,fake,FaceShifter,339_392,339_392.mp4,train
C:\Users\Kaustabh\Downloads\FaceForensics++_test\manipulated_sequences\FaceShifter\c23\videos\392_339.mp4,1,fake,FaceShifter,339_392,392_339.mp4,train
C:\Users\Kaustabh\Downloads\FaceForensics++_test\manipulated_sequences\FaceSwap\c23\videos\339_392.mp4,1,fake,FaceSwap,339_392,339_392.mp4,train
C:\Users\Kaustabh\Downloads\FaceForensics++_test\manipulated_sequences\FaceSwap\c23\videos\392_339.mp4,1,fake,FaceSwap,339_392,392_339.mp4,train
C:\Users\Kaustabh\Downloads\FaceForensics++_test\manipulated_sequences\NeuralTextures\c23\videos\339_392.mp4,1,fake,NeuralTextures,339_392,339_392.mp4,train
C:\Users\Kaustabh\Downloads\FaceForensics++_test\manipulated_sequences\NeuralTextures\c23\videos\392_339.mp4,1,fake,NeuralTextures,339_392,392_339.mp4,train
C:\Users\Kaustabh\Downloads\FaceForensics++_test\original_sequences\youtube\c23\videos\469.mp4,0,real,original,469_481,469.mp4,train
C:\Users\Kaustabh\Downloads\FaceForensics++_test\original_sequences\youtube\c23\videos\481.mp4,0,real,original,469_481,481.mp4,train
C:\Users\Kaustabh\Downloads\FaceForensics++_test\manipulated_sequences\Deepfakes\c23\videos\469_481.mp4,1,fake,Deepfakes,469_481,469_481.mp4,train
C:\Users\Kaustabh\Downloads\FaceForensics++_test\manipulated_sequences\Deepfakes\c23\videos\481_469.mp4,1,fake,Deepfakes,469_481,481_469.mp4,train
C:\Users\Kaustabh\Downloads\FaceForensics++_test\manipulated_sequences\Face2Face\c23\videos\469_481.mp4,1,fake,Face2Face,469_481,469_481.mp4,train
C:\Users\Kaustabh\Downloads\FaceForensics++_test\manipulated_sequences\Face2Face\c23\videos\481_469.mp4,1,fake,Face2Face,469_481,481_469.mp4,train
C:\Users\Kaustabh\Downloads\FaceForensics++_test\manipulated_sequences\FaceShifter\c23\videos\469_481.mp4,1,fake,FaceShifter,469_481,469_481.mp4,train
C:\Users\Kaustabh\Downloads\FaceForensics++_test\manipulated_sequences\FaceShifter\c23\videos\481_469.mp4,1,fake,FaceShifter,469_481,481_469.mp4,train
C:\Users\Kaustabh\Downloads\FaceForensics++_test\manipulated_sequences\FaceSwap\c23\videos\469_481.mp4,1,fake,FaceSwap,469_481,469_481.mp4,train
C:\Users\Kaustabh\Downloads\FaceForensics++_test\manipulated_sequences\FaceSwap\c23\videos\481_469.mp4,1,fake,FaceSwap,469_481,481_469.mp4,train
C:\Users\Kaustabh\Downloads\FaceForensics++_test\manipulated_sequences\NeuralTextures\c23\videos\469_481.mp4,1,fake,NeuralTextures,469_481,469_481.mp4,train
C:\Users\Kaustabh\Downloads\FaceForensics++_test\manipulated_sequences\NeuralTextures\c23\videos\481_469.mp4,1,fake,NeuralTextures,469_481,481_469.mp4,train
